,mobile_url,mobile_name,mobile_price,mobile_rating,mobile_strike_Price,mobile_desc
0,https://filpkart.com/apple-iphone-13-starlight-128-gb/p/itmc9604f122ae7f?pid=MOBG6VF5ADKHKXFX&lid=LSTMOBG6VF5ADKHKXFXQGX7PK&marketplace=FLIPKART&q=mobile&store=tyy%2F4io&srno=s_1_1&otracker=search&otracker1=search&fm=organic&iid=876ba78a-ae05-4c2a-8951-6fc0d87fd307.MOBG6VF5ADKHKXFX.SEARCH&ppt=None&ppn=None&ssid=7ligqmfdf40000001695621648858&qH=532c28d5412dd75b,"APPLE iPhone 13 (Starlight, 128 GB)","₹52,499",4.7,"₹59,900","['128 GB ROM', '15.49 cm (6.1 inch) Super Retina XDR Display', '12MP + 12MP | 12MP Front Camera', 'A15 Bionic Chip Processor', 'Brand Warranty for 1 Year']"
1,https://filpkart.com/apple-iphone-13-midnight-128-gb/p/itmca361aab1c5b0?pid=MOBG6VF5Q82T3XRS&lid=LSTMOBG6VF5Q82T3XRSOXJLM9&marketplace=FLIPKART&q=mobile&store=tyy%2F4io&srno=s_1_2&otracker=search&otracker1=search&fm=organic&iid=876ba78a-ae05-4c2a-8951-6fc0d87fd307.MOBG6VF5Q82T3XRS.SEARCH&ppt=None&ppn=None&ssid=7ligqmfdf40000001695621648858&qH=532c28d5412dd75b,"APPLE iPhone 13 (Midnight, 128 GB)","₹52,499",4.7,"₹59,900","['128 GB ROM', '15.49 cm (6.1 inch) Super Retina XDR Display', '12MP + 12MP | 12MP Front Camera', 'A15 Bionic Chip Processor', 'Brand Warranty for 1 Year']"
2,https://filpkart.com/oneplus-nord-ce-3-lite-5g-chromatic-gray-128-gb/p/itm2cd5a4e659035?pid=MOBGZJ42KHUZZKMN&lid=LSTMOBGZJ42KHUZZKMNF9EGW4&marketplace=FLIPKART&q=mobile&store=tyy%2F4io&srno=s_1_3&otracker=search&otracker1=search&fm=organic&iid=876ba78a-ae05-4c2a-8951-6fc0d87fd307.MOBGZJ42KHUZZKMN.SEARCH&ppt=None&ppn=None&ssid=7ligqmfdf40000001695621648858&qH=532c28d5412dd75b,"OnePlus Nord CE 3 Lite 5G (Chromatic Gray, 128 GB)","₹19,999",4.4,,"['8 GB RAM | 128 GB ROM', '17.07 cm (6.72 inch) Display', '108MP Rear Camera', '5000 mAh Battery', 'Domestic Warranty of 12 months on phone & 6 months on accessories']"
3,https://filpkart.com/oneplus-nord-ce-3-lite-5g-pastel-lime-256-gb/p/itm2cd5a4e659035?pid=MOBGZJ3ZFQ8AKKRS&lid=LSTMOBGZJ3ZFQ8AKKRSMX9GYC&marketplace=FLIPKART&q=mobile&store=tyy%2F4io&srno=s_1_4&otracker=search&otracker1=search&fm=organic&iid=876ba78a-ae05-4c2a-8951-6fc0d87fd307.MOBGZJ3ZFQ8AKKRS.SEARCH&ppt=None&ppn=None&ssid=7ligqmfdf40000001695621648858&qH=532c28d5412dd75b,"OnePlus Nord CE 3 Lite 5G (Pastel Lime, 256 GB)","₹21,999",4.4,,"['8 GB RAM | 256 GB ROM', '17.07 cm (6.72 inch) Display', '108MP Rear Camera', '5000 mAh Battery', 'Domestic Warranty of 12 months on phone & 6 months on accessories']"
4,https://filpkart.com/apple-iphone-13-pink-128-gb/p/itm6e30c6ee045d2?pid=MOBG6VF5GXVFTQ5Y&lid=LSTMOBG6VF5GXVFTQ5YSGQY4O&marketplace=FLIPKART&q=mobile&store=tyy%2F4io&srno=s_1_5&otracker=search&otracker1=search&fm=organic&iid=876ba78a-ae05-4c2a-8951-6fc0d87fd307.MOBG6VF5GXVFTQ5Y.SEARCH&ppt=None&ppn=None&ssid=7ligqmfdf40000001695621648858&qH=532c28d5412dd75b,"APPLE iPhone 13 (Pink, 128 GB)","₹52,499",4.7,"₹59,900","['128 GB ROM', '15.49 cm (6.1 inch) Super Retina XDR Display', '12MP + 12MP | 12MP Front Camera', 'A15 Bionic Chip Processor', 'Brand Warranty for 1 Year']"
5,https://filpkart.com/apple-iphone-13-blue-128-gb/p/itm6c601e0a58b3c?pid=MOBG6VF5SMXPNQHG&lid=LSTMOBG6VF5SMXPNQHGMMXJDB&marketplace=FLIPKART&q=mobile&store=tyy%2F4io&srno=s_1_6&otracker=search&otracker1=search&fm=organic&iid=876ba78a-ae05-4c2a-8951-6fc0d87fd307.MOBG6VF5SMXPNQHG.SEARCH&ppt=None&ppn=None&ssid=7ligqmfdf40000001695621648858&qH=532c28d5412dd75b,"APPLE iPhone 13 (Blue, 128 GB)","₹52,499",4.7,"₹59,900","['128 GB ROM', '15.49 cm (6.1 inch) Super Retina XDR Display', '12MP + 12MP | 12MP Front Camera', 'A15 Bionic Chip Processor', 'Brand Warranty for 1 Year']"
6,https://filpkart.com/oneplus-nord-ce-2-lite-5g-black-dusk-128-gb/p/itm537fc2aa73747?pid=MOBGHBZHB7YJT5HF&lid=LSTMOBGHBZHB7YJT5HFKVN7QW&marketplace=FLIPKART&q=mobile&store=tyy%2F4io&srno=s_1_7&otracker=search&otracker1=search&fm=organic&iid=876ba78a-ae05-4c2a-8951-6fc0d87fd307.MOBGHBZHB7YJT5HF.SEARCH&ppt=None&ppn=None&ssid=7ligqmfdf40000001695621648858&qH=532c28d5412dd75b,"OnePlus Nord CE 2 Lite 5G (Black Dusk, 128 GB)","₹17,170",4.4,"₹19,999","['6 GB RAM | 128 GB ROM', '16.74 cm (6.59 inch) Display', '64MP Rear Camera | 16MP Front Camera', '5000 mAh Battery', '12 months']"
7,https://filpkart.com/realme-11x-5g-purple-dawn-128-gb/p/itm07be1a2ff1a1b?pid=MOBGS2W3YT99HRJ4&lid=LSTMOBGS2W3YT99HRJ4VJBEQO&marketplace=FLIPKART&q=mobile&store=tyy%2F4io&srno=s_1_8&otracker=search&otracker1=search&fm=organic&iid=876ba78a-ae05-4c2a-8951-6fc0d87fd307.MOBGS2W3YT99HRJ4.SEARCH&ppt=None&ppn=None&ssid=7ligqmfdf40000001695621648858&qH=532c28d5412dd75b,"realme 11x 5G (Purple Dawn, 128 GB)","₹15,999",4.3,"₹18,999","['8 GB RAM | 128 GB ROM | Expandable Upto 2 TB', '17.07 cm (6.72 inch) Full HD+ Display', '64MP + 2MP | 8MP Front Camera', '5000 mAh Battery', 'Dimensity 6100+ Processor', '1 Year Manufacturer Warranty for Phone and 6 Months Warranty for In the Box Accessories']"
8,https://filpkart.com/realme-11x-5g-purple-dawn-128-gb/p/itm07be1a2ff1a1b?pid=MOBGS2WFBDQBD2B4&lid=LSTMOBGS2WFBDQBD2B4EI4NMP&marketplace=FLIPKART&q=mobile&store=tyy%2F4io&spotlightTagId=BestsellerId_tyy%2F4io&srno=s_1_9&otracker=search&otracker1=search&fm=organic&iid=876ba78a-ae05-4c2a-8951-6fc0d87fd307.MOBGS2WFBDQBD2B4.SEARCH&ppt=None&ppn=None&ssid=7ligqmfdf40000001695621648858&qH=532c28d5412dd75b,"realme 11x 5G (Purple Dawn, 128 GB)","₹14,999",4.4,"₹16,999","['6 GB RAM | 128 GB ROM | Expandable Upto 2 TB', '17.07 cm (6.72 inch) Full HD+ Display', '64MP + 2MP | 8MP Front Camera', '5000 mAh Battery', 'Dimensity 6100+ Processor', '1 Year Manufacturer Warranty for Phone and 6 Months Warranty for In the Box Accessories']"
9,https://filpkart.com/realme-11x-5g-midnight-black-128-gb/p/itm07be1a2ff1a1b?pid=MOBGS2WFP7X8263G&lid=LSTMOBGS2WFP7X8263GB1Z4NZ&marketplace=FLIPKART&q=mobile&store=tyy%2F4io&srno=s_1_10&otracker=search&otracker1=search&fm=organic&iid=876ba78a-ae05-4c2a-8951-6fc0d87fd307.MOBGS2WFP7X8263G.SEARCH&ppt=None&ppn=None&ssid=7ligqmfdf40000001695621648858&qH=532c28d5412dd75b,"realme 11x 5G (Midnight Black, 128 GB)","₹14,999",4.4,"₹16,999","['6 GB RAM | 128 GB ROM | Expandable Upto 2 TB', '17.07 cm (6.72 inch) Full HD+ Display', '64MP + 2MP | 8MP Front Camera', '5000 mAh Battery', 'Dimensity 6100+ Processor', '1 Year Manufacturer Warranty for Phone and 6 Months Warranty for In the Box Accessories']"
10,https://filpkart.com/motorola-g84-5g-marshmallow-blue-256-gb/p/itm7807a599d2202?pid=MOBGQFX6CNRYHFGF&lid=LSTMOBGQFX6CNRYHFGFLFOXPA&marketplace=FLIPKART&q=mobile&store=tyy%2F4io&srno=s_1_11&otracker=search&otracker1=search&fm=organic&iid=876ba78a-ae05-4c2a-8951-6fc0d87fd307.MOBGQFX6CNRYHFGF.SEARCH&ppt=None&ppn=None&ssid=7ligqmfdf40000001695621648858&qH=532c28d5412dd75b,"MOTOROLA g84 5G (Marshmallow Blue, 256 GB)","₹19,999",4.2,"₹22,999","['12 GB RAM | 256 GB ROM', '16.64 cm (6.55 inch) Full HD+ Display', '50MP (OIS) + 8MP | 16MP Front Camera', '5000 mAh Battery', 'Snapdragon 695 Processor', '1 Year on Handset and 6 Months on Accessories']"
11,https://filpkart.com/realme-11x-5g-midnight-black-128-gb/p/itm07be1a2ff1a1b?pid=MOBGS2W3KYRQF4GZ&lid=LSTMOBGS2W3KYRQF4GZO4BBGH&marketplace=FLIPKART&q=mobile&store=tyy%2F4io&srno=s_1_12&otracker=search&otracker1=search&fm=organic&iid=876ba78a-ae05-4c2a-8951-6fc0d87fd307.MOBGS2W3KYRQF4GZ.SEARCH&ppt=None&ppn=None&ssid=7ligqmfdf40000001695621648858&qH=532c28d5412dd75b,"realme 11x 5G (Midnight Black, 128 GB)","₹15,999",4.3,"₹18,999","['8 GB RAM | 128 GB ROM | Expandable Upto 2 TB', '17.07 cm (6.72 inch) Full HD+ Display', '64MP + 2MP | 8MP Front Camera', '5000 mAh Battery', 'Dimensity 6100+ Processor', '1 Year Manufacturer Warranty for Phone and 6 Months Warranty for In the Box Accessories']"
12,https://filpkart.com/oneplus-nord-ce-2-lite-5g-blue-tide-128-gb/p/itm7acae55b999e6?pid=MOBGMFREBAHZQGY9&lid=LSTMOBGMFREBAHZQGY9QI18PF&marketplace=FLIPKART&q=mobile&store=tyy%2F4io&srno=s_1_13&otracker=search&otracker1=search&fm=organic&iid=876ba78a-ae05-4c2a-8951-6fc0d87fd307.MOBGMFREBAHZQGY9.SEARCH&ppt=None&ppn=None&ssid=7ligqmfdf40000001695621648858&qH=532c28d5412dd75b,"OnePlus Nord CE 2 Lite 5G (Blue Tide, 128 GB)","₹17,200",4.4,"₹19,999","['6 GB RAM | 128 GB ROM', '16.74 cm (6.59 inch) Display', '64MP Rear Camera | 16MP Front Camera', '5000 mAh Battery', '12 Months']"
13,https://filpkart.com/infinix-hot-30i-glacier-blue-128-gb/p/itm8b42a43b35895?pid=MOBGNPK2ZTGZBRXE&lid=LSTMOBGNPK2ZTGZBRXEAFQ5YT&marketplace=FLIPKART&q=mobile&store=tyy%2F4io&srno=s_1_14&otracker=search&otracker1=search&fm=organic&iid=876ba78a-ae05-4c2a-8951-6fc0d87fd307.MOBGNPK2ZTGZBRXE.SEARCH&ppt=None&ppn=None&ssid=7ligqmfdf40000001695621648858&qH=532c28d5412dd75b,"Infinix HOT 30i (Glacier Blue, 128 GB)","₹9,499",4.2,"₹11,999","['8 GB RAM | 128 GB ROM | Expandable Upto 1 TB', '16.76 cm (6.6 inch) HD+ Display', '50MP + AI Lens | 5MP Front Camera', '5000 mAh Battery', 'G37 Processor', '1 Year on Handset and 6 Months on Accessories']"
14,https://filpkart.com/infinix-hot-30i-diamond-white-128-gb/p/itm8b42a43b35895?pid=MOBGNPK29ZWFHGGD&lid=LSTMOBGNPK29ZWFHGGDKTDNDX&marketplace=FLIPKART&q=mobile&store=tyy%2F4io&srno=s_1_15&otracker=search&otracker1=search&fm=organic&iid=876ba78a-ae05-4c2a-8951-6fc0d87fd307.MOBGNPK29ZWFHGGD.SEARCH&ppt=None&ppn=None&ssid=7ligqmfdf40000001695621648858&qH=532c28d5412dd75b,"Infinix HOT 30i (Diamond White, 128 GB)","₹9,499",4.2,"₹11,999","['8 GB RAM | 128 GB ROM | Expandable Upto 1 TB', '16.76 cm (6.6 inch) HD+ Display', '50MP + AI Lens | 5MP Front Camera', '5000 mAh Battery', 'G37 Processor', '1 Year on Handset and 6 Months on Accessories']"
15,https://filpkart.com/infinix-hot-30i-marigold-128-gb/p/itm8b42a43b35895?pid=MOBGNPK2GNWPUGWW&lid=LSTMOBGNPK2GNWPUGWWWTPN01&marketplace=FLIPKART&q=mobile&store=tyy%2F4io&srno=s_1_16&otracker=search&otracker1=search&fm=organic&iid=876ba78a-ae05-4c2a-8951-6fc0d87fd307.MOBGNPK2GNWPUGWW.SEARCH&ppt=None&ppn=None&ssid=7ligqmfdf40000001695621648858&qH=532c28d5412dd75b,"Infinix HOT 30i (Marigold, 128 GB)","₹9,499",4.2,"₹11,999","['8 GB RAM | 128 GB ROM | Expandable Upto 1 TB', '16.76 cm (6.6 inch) HD+ Display', '50MP + AI Lens | 5MP Front Camera', '5000 mAh Battery', 'G37 Processor', '1 Year on Handset and 6 Months on Accessories']"
16,https://filpkart.com/infinix-hot-30i-marigold-64-gb/p/itm8b42a43b35895?pid=MOBGNPK2KCH77U28&lid=LSTMOBGNPK2KCH77U289VSAZE&marketplace=FLIPKART&q=mobile&store=tyy%2F4io&srno=s_1_17&otracker=search&otracker1=search&fm=organic&iid=876ba78a-ae05-4c2a-8951-6fc0d87fd307.MOBGNPK2KCH77U28.SEARCH&ppt=None&ppn=None&ssid=7ligqmfdf40000001695621648858&qH=532c28d5412dd75b,"Infinix HOT 30i (Marigold, 64 GB)","₹8,399",4.2,"₹9,999","['4 GB RAM | 64 GB ROM | Expandable Upto 1 TB', '16.76 cm (6.6 inch) HD+ Display', '50MP + AI Lens | 5MP Front Camera', '5000 mAh Battery', 'G37 Processor', '1 Year on Handset and 6 Months on Accessories']"
17,https://filpkart.com/infinix-hot-30i-diamond-white-64-gb/p/itm8b42a43b35895?pid=MOBGNPK4PTXGANTP&lid=LSTMOBGNPK4PTXGANTPXFOPAU&marketplace=FLIPKART&q=mobile&store=tyy%2F4io&srno=s_1_18&otracker=search&otracker1=search&fm=organic&iid=876ba78a-ae05-4c2a-8951-6fc0d87fd307.MOBGNPK4PTXGANTP.SEARCH&ppt=None&ppn=None&ssid=7ligqmfdf40000001695621648858&qH=532c28d5412dd75b,"Infinix HOT 30i (Diamond White, 64 GB)","₹8,399",4.2,"₹9,999","['4 GB RAM | 64 GB ROM | Expandable Upto 1 TB', '16.76 cm (6.6 inch) HD+ Display', '50MP + AI Lens | 5MP Front Camera', '5000 mAh Battery', 'G37 Processor', '1 Year on Handset and 6 Months on Accessories']"
18,https://filpkart.com/infinix-hot-30i-glacier-blue-64-gb/p/itm8b42a43b35895?pid=MOBGNPK2BBNPWJYR&lid=LSTMOBGNPK2BBNPWJYRIQDVWM&marketplace=FLIPKART&q=mobile&store=tyy%2F4io&srno=s_1_19&otracker=search&otracker1=search&fm=organic&iid=876ba78a-ae05-4c2a-8951-6fc0d87fd307.MOBGNPK2BBNPWJYR.SEARCH&ppt=None&ppn=None&ssid=7ligqmfdf40000001695621648858&qH=532c28d5412dd75b,"Infinix HOT 30i (Glacier Blue, 64 GB)","₹8,399",4.2,"₹9,999","['4 GB RAM | 64 GB ROM | Expandable Upto 1 TB', '16.76 cm (6.6 inch) HD+ Display', '50MP + AI Lens | 5MP Front Camera', '5000 mAh Battery', 'G37 Processor', '1 Year on Handset and 6 Months on Accessories']"
19,https://filpkart.com/infinix-hot-30i-mirror-black-128-gb/p/itm8b42a43b35895?pid=MOBGNPK2U9WQFJZX&lid=LSTMOBGNPK2U9WQFJZXOPAJY7&marketplace=FLIPKART&q=mobile&store=tyy%2F4io&srno=s_1_20&otracker=search&otracker1=search&fm=organic&iid=876ba78a-ae05-4c2a-8951-6fc0d87fd307.MOBGNPK2U9WQFJZX.SEARCH&ppt=None&ppn=None&ssid=7ligqmfdf40000001695621648858&qH=532c28d5412dd75b,"Infinix HOT 30i (Mirror Black, 128 GB)","₹9,499",4.2,"₹11,999","['8 GB RAM | 128 GB ROM | Expandable Upto 1 TB', '16.76 cm (6.6 inch) HD+ Display', '50MP + AI Lens | 5MP Front Camera', '5000 mAh Battery', 'G37 Processor', '1 Year on Handset and 6 Months on Accessories']"
20,https://filpkart.com/infinix-hot-30i-mirror-black-64-gb/p/itm8b42a43b35895?pid=MOBGNPK2QRUEBEHG&lid=LSTMOBGNPK2QRUEBEHGKBH4RF&marketplace=FLIPKART&q=mobile&store=tyy%2F4io&srno=s_1_21&otracker=search&otracker1=search&fm=organic&iid=876ba78a-ae05-4c2a-8951-6fc0d87fd307.MOBGNPK2QRUEBEHG.SEARCH&ppt=None&ppn=None&ssid=7ligqmfdf40000001695621648858&qH=532c28d5412dd75b,"Infinix HOT 30i (Mirror Black, 64 GB)","₹8,399",4.2,"₹9,999","['4 GB RAM | 64 GB ROM | Expandable Upto 1 TB', '16.76 cm (6.6 inch) HD+ Display', '50MP + AI Lens | 5MP Front Camera', '5000 mAh Battery', 'G37 Processor', '1 Year on Handset and 6 Months on Accessories']"
21,https://filpkart.com/motorola-g73-5g-lucent-white-128-gb/p/itm372a03ce2292a?pid=MOBGKHNB3VDGJFVZ&lid=LSTMOBGKHNB3VDGJFVZN7JGWM&marketplace=FLIPKART&q=mobile&store=tyy%2F4io&srno=s_1_22&otracker=search&otracker1=search&fm=organic&iid=876ba78a-ae05-4c2a-8951-6fc0d87fd307.MOBGKHNB3VDGJFVZ.SEARCH&ppt=None&ppn=None&ssid=7ligqmfdf40000001695621648858&qH=532c28d5412dd75b,"MOTOROLA g73 5G (Lucent White, 128 GB)","₹15,999",4,"₹21,999","['8 GB RAM | 128 GB ROM | Expandable Upto 1 TB', '16.51 cm (6.5 inch) Full HD+ Display', '50MP + 8MP | 16MP Front Camera', '5000 mAh Battery', 'Mediatek Dimensity 930 Processor', '1 Year Manufacturer Warranty for Phone and 6 Months Warranty for In the Box Accessories']"
22,https://filpkart.com/motorola-g84-5g-midnight-blue-256-gb/p/itm30dd9d1ed8bb8?pid=MOBGQFX68CXMTSGK&lid=LSTMOBGQFX68CXMTSGKYSK1KB&marketplace=FLIPKART&q=mobile&store=tyy%2F4io&srno=s_1_23&otracker=search&otracker1=search&fm=organic&iid=876ba78a-ae05-4c2a-8951-6fc0d87fd307.MOBGQFX68CXMTSGK.SEARCH&ppt=None&ppn=None&ssid=7ligqmfdf40000001695621648858&qH=532c28d5412dd75b,"MOTOROLA g84 5G (Midnight Blue, 256 GB)","₹19,999",4.2,"₹22,999","['12 GB RAM | 256 GB ROM', '16.64 cm (6.55 inch) Full HD+ Display', '50MP (OIS) + 8MP | 16MP Front Camera', '5000 mAh Battery', 'Snapdragon 695 Processor', '1 Year on Handset and 6 Months on Accessories']"
23,https://filpkart.com/redmi-12-pastel-blue-128-gb/p/itm48719506a7ceb?pid=MOBGRMFKKGYD9ETX&lid=LSTMOBGRMFKKGYD9ETX5KD9VL&marketplace=FLIPKART&q=mobile&store=tyy%2F4io&srno=s_1_24&otracker=search&otracker1=search&fm=organic&iid=876ba78a-ae05-4c2a-8951-6fc0d87fd307.MOBGRMFKKGYD9ETX.SEARCH&ppt=None&ppn=None&ssid=7ligqmfdf40000001695621648858&qH=532c28d5412dd75b,"REDMI 12 (Pastel Blue, 128 GB)","₹9,999",4.3,"₹14,999","['4 GB RAM | 128 GB ROM | Expandable Upto 1 TB', '17.25 cm (6.79 inch) Full HD+ Display', '50MP + 8MP + 2MP | 8MP Front Camera', '5000 mAh Battery', 'Helio G88 Processor', '1 Year Manufacturer Warranty for Phone and 6 Months Warranty for in the Box Accessories']"
24,https://filpkart.com/realme-c53-champion-gold-64-gb/p/itm5df90168ecd05?pid=MOBGQY939DG9GBQ8&lid=LSTMOBGQY939DG9GBQ8XN2GK7&marketplace=FLIPKART&q=mobile&store=tyy%2F4io&spotlightTagId=BestsellerId_tyy%2F4io&srno=s_2_25&otracker=search&otracker1=search&fm=organic&iid=d74c461b-af47-46e6-a25e-d2401b1b1a56.MOBGQY939DG9GBQ8.SEARCH&ppt=None&ppn=None&ssid=3hrnu503w00000001695621650014&qH=532c28d5412dd75b,"realme C53 (Champion Gold, 64 GB)","₹10,999",4.4,"₹12,999","['6 GB RAM | 64 GB ROM | Expandable Upto 2 TB', '17.12 cm (6.74 inch) HD Display', '108MP + 2MP | 8MP Front Camera', '5000 mAh Battery', 'T612 Processor', '1 Year Manufacturer Warranty for Phone and 6 Months Warranty for In the Box Accessories']"
25,https://filpkart.com/motorola-g32-mineral-gray-128-gb/p/itm6061450cb40ac?pid=MOBGM2EHJUTMXMFV&lid=LSTMOBGM2EHJUTMXMFVL5MPKC&marketplace=FLIPKART&q=mobile&store=tyy%2F4io&srno=s_2_26&otracker=search&otracker1=search&fm=organic&iid=d74c461b-af47-46e6-a25e-d2401b1b1a56.MOBGM2EHJUTMXMFV.SEARCH&ppt=None&ppn=None&ssid=3hrnu503w00000001695621650014&qH=532c28d5412dd75b,"MOTOROLA G32 (Mineral Gray, 128 GB)","₹11,999",4.1,"₹18,999","['8 GB RAM | 128 GB ROM', '16.51 cm (6.5 inch) Full HD+ Display', '50MP + 8MP + 2MP | 16MP Front Camera', '5000 mAh Lithium Polymer Battery', 'Qualcomm Snapdragon 680 Processor', '1 Year on Handset and 6 Months on Accessories']"
26,https://filpkart.com/realme-c53-champion-black-64-gb/p/itm5df90168ecd05?pid=MOBGQY93HQSAGAXG&lid=LSTMOBGQY93HQSAGAXGQLZ2WK&marketplace=FLIPKART&q=mobile&store=tyy%2F4io&srno=s_2_27&otracker=search&otracker1=search&fm=organic&iid=d74c461b-af47-46e6-a25e-d2401b1b1a56.MOBGQY93HQSAGAXG.SEARCH&ppt=None&ppn=None&ssid=3hrnu503w00000001695621650014&qH=532c28d5412dd75b,"realme C53 (Champion Black, 64 GB)","₹10,999",4.4,"₹12,999","['6 GB RAM | 64 GB ROM | Expandable Upto 2 TB', '17.12 cm (6.74 inch) HD Display', '108MP + 2MP | 8MP Front Camera', '5000 mAh Battery', 'T612 Processor', '1 Year Manufacturer Warranty for Phone and 6 Months Warranty for In the Box Accessories']"
27,https://filpkart.com/redmi-12-moonstone-silver-128-gb/p/itm6722b15672602?pid=MOBGRMFK4CSR7GGH&lid=LSTMOBGRMFK4CSR7GGHHKEX2Z&marketplace=FLIPKART&q=mobile&store=tyy%2F4io&srno=s_2_28&otracker=search&otracker1=search&fm=organic&iid=d74c461b-af47-46e6-a25e-d2401b1b1a56.MOBGRMFK4CSR7GGH.SEARCH&ppt=None&ppn=None&ssid=3hrnu503w00000001695621650014&qH=532c28d5412dd75b,"REDMI 12 (Moonstone Silver, 128 GB)","₹11,499",4.2,"₹15,999","['6 GB RAM | 128 GB ROM | Expandable Upto 1 TB', '17.25 cm (6.79 inch) Full HD+ Display', '50MP + 8MP + 2MP | 8MP Front Camera', '5000 mAh Battery', 'Helio G88 Processor', '1 Year Manufacturer Warranty for Phone and 6 Months Warranty for in the Box Accessories']"
28,https://filpkart.com/poco-m6-pro-5g-power-black-64-gb/p/itm539f4c528c1d9?pid=MOBGRNZ3RT5DNKKD&lid=LSTMOBGRNZ3RT5DNKKDYSRKNX&marketplace=FLIPKART&q=mobile&store=tyy%2F4io&srno=s_2_29&otracker=search&otracker1=search&fm=organic&iid=d74c461b-af47-46e6-a25e-d2401b1b1a56.MOBGRNZ3RT5DNKKD.SEARCH&ppt=None&ppn=None&ssid=3hrnu503w00000001695621650014&qH=532c28d5412dd75b,"POCO M6 Pro 5G (Power Black, 64 GB)","₹10,999",4.4,"₹14,999","['4 GB RAM | 64 GB ROM | Expandable Upto 1 TB', '17.25 cm (6.79 inch) Full HD+ Display', '50MP + 2MP | 8MP Front Camera', '5000 mAh Battery', 'Snapdragon 4 Gen 2 Processor', '1 Year Manufacturer Warranty for Phone and 6 Months Warranty for In the Box Accessories']"
29,https://filpkart.com/vivo-v29e-5g-artistic-red-256-gb/p/itmaaa634624a459?pid=MOBGSZM93HBUUCCZ&lid=LSTMOBGSZM93HBUUCCZ5YXZTX&marketplace=FLIPKART&q=mobile&store=tyy%2F4io&srno=s_2_30&otracker=search&otracker1=search&fm=organic&iid=d74c461b-af47-46e6-a25e-d2401b1b1a56.MOBGSZM93HBUUCCZ.SEARCH&ppt=None&ppn=None&ssid=3hrnu503w00000001695621650014&qH=532c28d5412dd75b,"vivo V29e 5G (Artistic Red, 256 GB)","₹28,999",4.4,"₹33,999","['8 GB RAM | 256 GB ROM', '17.22 cm (6.78 inch) Full HD+ Display', '64MP + 8MP | 50MP Front Camera', '5000 mAh Battery', 'Snapdragon 695 Processor', '1 Year Manufacturer Warranty for Phone and 6 Months Warranty for In the Box Accessories']"
30,https://filpkart.com/motorola-e13-aurora-green-128-gb/p/itm87151a7bb1a4f?pid=MOBGQFX6HYNXCYGX&lid=LSTMOBGQFX6HYNXCYGXHU6UY1&marketplace=FLIPKART&q=mobile&store=tyy%2F4io&srno=s_2_31&otracker=search&otracker1=search&fm=organic&iid=d74c461b-af47-46e6-a25e-d2401b1b1a56.MOBGQFX6HYNXCYGX.SEARCH&ppt=None&ppn=None&ssid=3hrnu503w00000001695621650014&qH=532c28d5412dd75b,"MOTOROLA e13 (Aurora Green, 128 GB)","₹8,999",3.9,"₹10,999","['8 GB RAM | 128 GB ROM | Expandable Upto 1 TB', '16.51 cm (6.5 inch) HD+ Display', '13MP Rear Camera | 5MP Front Camera', '5000 mAh Battery', 'Unisoc T606 Processor', '1 Year on Handset and 6 Months on Accessories']"
31,https://filpkart.com/vivo-v29e-5g-artistic-red-128-gb/p/itmaaa634624a459?pid=MOBGSZM9BGT9QE9U&lid=LSTMOBGSZM9BGT9QE9UV3SJDJ&marketplace=FLIPKART&q=mobile&store=tyy%2F4io&srno=s_2_32&otracker=search&otracker1=search&fm=organic&iid=d74c461b-af47-46e6-a25e-d2401b1b1a56.MOBGSZM9BGT9QE9U.SEARCH&ppt=None&ppn=None&ssid=3hrnu503w00000001695621650014&qH=532c28d5412dd75b,"vivo V29e 5G (Artistic Red, 128 GB)","₹26,999",4.4,"₹31,999","['8 GB RAM | 128 GB ROM', '17.22 cm (6.78 inch) Full HD+ Display', '64MP + 8MP | 50MP Front Camera', '5000 mAh Battery', 'Snapdragon 695 Processor', '1 Year Manufacturer Warranty for Phone and 6 Months Warranty for In the Box Accessories']"
32,https://filpkart.com/redmi-12-5g-pastel-blue-128-gb/p/itm71f3d06ed5235?pid=MOBGS9T5T9GCCWJM&lid=LSTMOBGS9T5T9GCCWJMAK6KDY&marketplace=FLIPKART&q=mobile&store=tyy%2F4io&srno=s_2_33&otracker=search&otracker1=search&fm=organic&iid=d74c461b-af47-46e6-a25e-d2401b1b1a56.MOBGS9T5T9GCCWJM.SEARCH&ppt=None&ppn=None&ssid=3hrnu503w00000001695621650014&qH=532c28d5412dd75b,"REDMI 12 5G (Pastel Blue, 128 GB)","₹12,973",4.2,"₹15,999","['4 GB RAM | 128 GB ROM', '17.25 cm (6.79 inch) Display', '50MP Rear Camera', '5000 mAh Battery', '1 Year Manufacturer Warranty']"
33,https://filpkart.com/vivo-v29e-5g-artistic-blue-128-gb/p/itmaaa634624a459?pid=MOBGSZM9UDGBZ5GH&lid=LSTMOBGSZM9UDGBZ5GHGYMJG8&marketplace=FLIPKART&q=mobile&store=tyy%2F4io&srno=s_2_34&otracker=search&otracker1=search&fm=organic&iid=d74c461b-af47-46e6-a25e-d2401b1b1a56.MOBGSZM9UDGBZ5GH.SEARCH&ppt=None&ppn=None&ssid=3hrnu503w00000001695621650014&qH=532c28d5412dd75b,"vivo V29e 5G (Artistic Blue, 128 GB)","₹26,999",4.4,"₹31,999","['8 GB RAM | 128 GB ROM', '17.22 cm (6.78 inch) Full HD+ Display', '64MP + 8MP | 50MP Front Camera', '5000 mAh Battery', 'Snapdragon 695 Processor', '1 Year Manufacturer Warranty for Phone and 6 Months Warranty for In the Box Accessories']"
34,https://filpkart.com/realme-11-pro-5g-oasis-green-256-gb/p/itm5647cce338e55?pid=MOBGPU8HCGG9PCER&lid=LSTMOBGPU8HCGG9PCERHGOPBG&marketplace=FLIPKART&q=mobile&store=tyy%2F4io&srno=s_2_35&otracker=search&otracker1=search&fm=organic&iid=d74c461b-af47-46e6-a25e-d2401b1b1a56.MOBGPU8HCGG9PCER.SEARCH&ppt=None&ppn=None&ssid=3hrnu503w00000001695621650014&qH=532c28d5412dd75b,"realme 11 Pro+ 5G (Oasis Green, 256 GB)","₹29,999",4.3,"₹32,999","['12 GB RAM | 256 GB ROM', '17.02 cm (6.7 inch) Full HD+ Display', '200MP (OIS) + 8MP + 2MP | 32MP Front Camera', '5000 mAh Battery', 'Dimensity 7050 Processor', '1 Year Manufacturer Warranty for Device and 6 Months Manufacturer Warranty for In-Box Accessories']"
35,https://filpkart.com/poco-m6-pro-5g-forest-green-128-gb/p/itm151f47ed48eee?pid=MOBGRNZ3FZBVRYHQ&lid=LSTMOBGRNZ3FZBVRYHQLWWUJH&marketplace=FLIPKART&q=mobile&store=tyy%2F4io&srno=s_2_36&otracker=search&otracker1=search&fm=organic&iid=d74c461b-af47-46e6-a25e-d2401b1b1a56.MOBGRNZ3FZBVRYHQ.SEARCH&ppt=None&ppn=None&ssid=3hrnu503w00000001695621650014&qH=532c28d5412dd75b,"POCO M6 Pro 5G (Forest Green, 128 GB)","₹12,999",4.3,"₹16,999","['6 GB RAM | 128 GB ROM | Expandable Upto 1 TB', '17.25 cm (6.79 inch) Full HD+ Display', '50MP + 2MP | 8MP Front Camera', '5000 mAh Battery', 'Snapdragon 4 Gen 2 Processor', '1 Year Manufacturer Warranty for Phone and 6 Months Warranty for In the Box Accessories']"
36,https://filpkart.com/motorola-e13-aurora-green-64-gb/p/itmb52d8f826cd9a?pid=MOBGKHNBA55HDSZR&lid=LSTMOBGKHNBA55HDSZRHOAFME&marketplace=FLIPKART&q=mobile&store=tyy%2F4io&srno=s_2_37&otracker=search&otracker1=search&fm=organic&iid=d74c461b-af47-46e6-a25e-d2401b1b1a56.MOBGKHNBA55HDSZR.SEARCH&ppt=None&ppn=None&ssid=3hrnu503w00000001695621650014&qH=532c28d5412dd75b,"MOTOROLA e13 (Aurora Green, 64 GB)","₹7,999",4,"₹10,999","['4 GB RAM | 64 GB ROM | Expandable Upto 1 TB', '16.51 cm (6.5 inch) HD+ Display', '13MP Rear Camera | 5MP Front Camera', '5000 mAh Battery', 'Unisoc T606 Processor', '1 Year on Handset and 6 Months on Accessories']"
37,https://filpkart.com/apple-iphone-14-blue-128-gb/p/itmdb77f40da6b6d?pid=MOBGHWFHSV7GUFWA&lid=LSTMOBGHWFHSV7GUFWAY05S0C&marketplace=FLIPKART&q=mobile&store=tyy%2F4io&srno=s_2_38&otracker=search&otracker1=search&fm=organic&iid=d74c461b-af47-46e6-a25e-d2401b1b1a56.MOBGHWFHSV7GUFWA.SEARCH&ppt=None&ppn=None&ssid=3hrnu503w00000001695621650014&qH=532c28d5412dd75b,"APPLE iPhone 14 (Blue, 128 GB)","₹64,999",4.6,"₹69,900","['128 GB ROM', '15.49 cm (6.1 inch) Super Retina XDR Display', '12MP + 12MP | 12MP Front Camera', 'A15 Bionic Chip, 6 Core Processor Processor', '1 Year Warranty for Phone and 6 Months Warranty for In-Box Accessories']"
38,https://filpkart.com/redmi-12-5g-jade-black-128-gb/p/itm0c8ba13f6fc5b?pid=MOBGS7GYGUAJ4UYZ&lid=LSTMOBGS7GYGUAJ4UYZVZ3SIK&marketplace=FLIPKART&q=mobile&store=tyy%2F4io&srno=s_2_39&otracker=search&otracker1=search&fm=organic&iid=d74c461b-af47-46e6-a25e-d2401b1b1a56.MOBGS7GYGUAJ4UYZ.SEARCH&ppt=None&ppn=None&ssid=3hrnu503w00000001695621650014&qH=532c28d5412dd75b,"REDMI 12 5G (Jade Black, 128 GB)","₹14,697",4.3,"₹17,999","['6 GB RAM | 128 GB ROM', '17.25 cm (6.79 inch) Full HD Display', '50MP Rear Camera', '5000 mAh Battery', '1 Year Domestic Warranty for Phone and 6 Months Warranty for In-Box Accessories']"
39,https://filpkart.com/vivo-v29e-5g-artistic-blue-256-gb/p/itmaaa634624a459?pid=MOBGSZM9ZHZPHTHV&lid=LSTMOBGSZM9ZHZPHTHVSDGGAB&marketplace=FLIPKART&q=mobile&store=tyy%2F4io&srno=s_2_40&otracker=search&otracker1=search&fm=organic&iid=d74c461b-af47-46e6-a25e-d2401b1b1a56.MOBGSZM9ZHZPHTHV.SEARCH&ppt=None&ppn=None&ssid=3hrnu503w00000001695621650014&qH=532c28d5412dd75b,"vivo V29e 5G (Artistic Blue, 256 GB)","₹28,999",4.4,"₹33,999","['8 GB RAM | 256 GB ROM', '17.22 cm (6.78 inch) Full HD+ Display', '64MP + 8MP | 50MP Front Camera', '5000 mAh Battery', 'Snapdragon 695 Processor', '1 Year Manufacturer Warranty for Phone and 6 Months Warranty for In the Box Accessories']"
40,https://filpkart.com/realme-11-pro-5g-astral-black-256-gb/p/itm3f783627a36ec?pid=MOBGPUNGNHJM8HKS&lid=LSTMOBGPUNGNHJM8HKSXLXRR3&marketplace=FLIPKART&q=mobile&store=tyy%2F4io&srno=s_2_41&otracker=search&otracker1=search&fm=organic&iid=d74c461b-af47-46e6-a25e-d2401b1b1a56.MOBGPUNGNHJM8HKS.SEARCH&ppt=None&ppn=None&ssid=3hrnu503w00000001695621650014&qH=532c28d5412dd75b,"realme 11 Pro 5G (Astral Black, 256 GB)","₹24,999",4.3,"₹27,999","['8 GB RAM | 256 GB ROM', '17.02 cm (6.7 inch) Full HD+ Display', '100MP (OIS) + 2MP | 16MP Front Camera', '5000 mAh Battery', 'Dimensity 7050 Processor', '1 Year Manufacturer Warranty for Device and 6 Months Manufacturer Warranty for In-Box Accessories']"
41,https://filpkart.com/google-pixel-6a-chalk-128-gb/p/itme5ae89135d44e?pid=MOBGFWEZ5SKU84Z8&lid=LSTMOBGFWEZ5SKU84Z8FXPB45&marketplace=FLIPKART&q=mobile&store=tyy%2F4io&srno=s_2_42&otracker=search&otracker1=search&fm=organic&iid=d74c461b-af47-46e6-a25e-d2401b1b1a56.MOBGFWEZ5SKU84Z8.SEARCH&ppt=None&ppn=None&ssid=3hrnu503w00000001695621650014&qH=532c28d5412dd75b,"Google Pixel 6a (Chalk, 128 GB)","₹43,999",4.3,,"['6 GB RAM | 128 GB ROM', '15.6 cm (6.14 inch) Full HD+ Display', '12.2MP + 12MP | 8MP Front Camera', '4410 mAh Battery', 'Google Tensor Processor', '1 Year Brand Warranty']"
42,https://filpkart.com/google-pixel-6a-charcoal-128-gb/p/itme5ae89135d44e?pid=MOBGFKX5YUXD74Z3&lid=LSTMOBGFKX5YUXD74Z3MXA2OB&marketplace=FLIPKART&q=mobile&store=tyy%2F4io&srno=s_2_43&otracker=search&otracker1=search&fm=organic&iid=d74c461b-af47-46e6-a25e-d2401b1b1a56.MOBGFKX5YUXD74Z3.SEARCH&ppt=None&ppn=None&ssid=3hrnu503w00000001695621650014&qH=532c28d5412dd75b,"Google Pixel 6a (Charcoal, 128 GB)","₹43,999",4.3,,"['6 GB RAM | 128 GB ROM', '15.6 cm (6.14 inch) Full HD+ Display', '12.2MP + 12MP | 8MP Front Camera', '4410 mAh Battery', 'Google Tensor Processor', '1 Year Brand Warranty']"
43,https://filpkart.com/redmi-12-moonstone-silver-128-gb/p/itme52e778c12701?pid=MOBGRMFK2MGRNG4Q&lid=LSTMOBGRMFK2MGRNG4QFZLVXT&marketplace=FLIPKART&q=mobile&store=tyy%2F4io&spotlightTagId=FkPickId_tyy%2F4io&srno=s_2_44&otracker=search&otracker1=search&fm=organic&iid=d74c461b-af47-46e6-a25e-d2401b1b1a56.MOBGRMFK2MGRNG4Q.SEARCH&ppt=None&ppn=None&ssid=3hrnu503w00000001695621650014&qH=532c28d5412dd75b,"REDMI 12 (Moonstone Silver, 128 GB)","₹9,999",4.3,"₹14,999","['4 GB RAM | 128 GB ROM | Expandable Upto 1 TB', '17.25 cm (6.79 inch) Full HD+ Display', '50MP + 8MP + 2MP | 8MP Front Camera', '5000 mAh Battery', 'Helio G88 Processor', '1 Year Manufacturer Warranty for Phone and 6 Months Warranty for in the Box Accessories']"
44,https://filpkart.com/redmi-12-5g-moonstone-silver-128-gb/p/itm0c8ba13f6fc5b?pid=MOBGS7JGZBZKPGGB&lid=LSTMOBGS7JGZBZKPGGBCARXHV&marketplace=FLIPKART&q=mobile&store=tyy%2F4io&srno=s_2_45&otracker=search&otracker1=search&fm=organic&iid=d74c461b-af47-46e6-a25e-d2401b1b1a56.MOBGS7JGZBZKPGGB.SEARCH&ppt=None&ppn=None&ssid=3hrnu503w00000001695621650014&qH=532c28d5412dd75b,"REDMI 12 5G (Moonstone Silver, 128 GB)","₹14,331",4.3,"₹17,999","['6 GB RAM | 128 GB ROM', '17.25 cm (6.79 inch) Display', '50MP Rear Camera', '5000 mAh Battery', '1 Year Domestic Warranty for Phone and 6 Months Warranty for In-Box Accessories']"
45,https://filpkart.com/poco-c50-royal-blue-32-gb/p/itma43af9d14952e?pid=MOBGK8WZUTGDEZFA&lid=LSTMOBGK8WZUTGDEZFABJY1QW&marketplace=FLIPKART&q=mobile&store=tyy%2F4io&srno=s_2_46&otracker=search&otracker1=search&fm=organic&iid=d74c461b-af47-46e6-a25e-d2401b1b1a56.MOBGK8WZUTGDEZFA.SEARCH&ppt=None&ppn=None&ssid=3hrnu503w00000001695621650014&qH=532c28d5412dd75b,"POCO C50 (Royal Blue, 32 GB)","₹5,499",4.2,"₹8,999","['2 GB RAM | 32 GB ROM | Expandable Upto 512 GB', '16.56 cm (6.52 inch) HD+ Display', '8MP Dual Camera | 5MP Front Camera', '5000 mAh Lithium Polymer Battery', 'Mediatek Helio A22 Processor, Upto 2.0 GHz Processor', '1 Year Manufacturer Warranty for Phone and 6 Months Warranty for In the Box Accessories']"
46,https://filpkart.com/poco-m6-pro-5g-forest-green-64-gb/p/itmbd07561c8265a?pid=MOBGRNZ3GHQF3QEZ&lid=LSTMOBGRNZ3GHQF3QEZVYNCA7&marketplace=FLIPKART&q=mobile&store=tyy%2F4io&srno=s_2_47&otracker=search&otracker1=search&fm=organic&iid=d74c461b-af47-46e6-a25e-d2401b1b1a56.MOBGRNZ3GHQF3QEZ.SEARCH&ppt=None&ppn=None&ssid=3hrnu503w00000001695621650014&qH=532c28d5412dd75b,"POCO M6 Pro 5G (Forest Green, 64 GB)","₹10,999",4.4,"₹14,999","['4 GB RAM | 64 GB ROM | Expandable Upto 1 TB', '17.25 cm (6.79 inch) Full HD+ Display', '50MP + 2MP | 8MP Front Camera', '5000 mAh Battery', 'Snapdragon 4 Gen 2 Processor', '1 Year Manufacturer Warranty for Phone and 6 Months Warranty for In the Box Accessories']"
47,https://filpkart.com/redmi-12-jade-black-128-gb/p/itmb7050ec01c09f?pid=MOBGRMFKTHKQSJEG&lid=LSTMOBGRMFKTHKQSJEGQK3FM2&marketplace=FLIPKART&q=mobile&store=tyy%2F4io&srno=s_2_48&otracker=search&otracker1=search&fm=organic&iid=d74c461b-af47-46e6-a25e-d2401b1b1a56.MOBGRMFKTHKQSJEG.SEARCH&ppt=None&ppn=None&ssid=3hrnu503w00000001695621650014&qH=532c28d5412dd75b,"REDMI 12 (Jade Black, 128 GB)","₹11,499",4.2,"₹15,999","['6 GB RAM | 128 GB ROM | Expandable Upto 1 TB', '17.25 cm (6.79 inch) Full HD+ Display', '50MP + 8MP + 2MP | 8MP Front Camera', '5000 mAh Battery', 'Helio G88 Processor', '1 Year Manufacturer Warranty for Phone and 6 Months Warranty for in the Box Accessories']"
48,https://filpkart.com/infinix-smart-7-hd-green-apple-64-gb/p/itmae6d492c1083e?pid=MOBGZNM9FZAVPXAA&lid=LSTMOBGZNM9FZAVPXAATCK5H1&marketplace=FLIPKART&q=mobile&store=tyy%2F4io&srno=s_3_49&otracker=search&otracker1=search&fm=organic&iid=91f463b5-c38d-42e4-8e4f-2c6cc979a552.MOBGZNM9FZAVPXAA.SEARCH&ppt=None&ppn=None&ssid=bzu0d5s59s0000001695621651166&qH=532c28d5412dd75b,"Infinix Smart 7 HD (Green Apple, 64 GB)","₹6,199",4.3,"₹7,999","['2 GB RAM | 64 GB ROM | Expandable Upto 1 TB', '16.76 cm (6.6 inch) HD+ Display', '8MP + AI Lens | 5MP Front Camera', '5000 mAh Battery', 'Spreadtrum \nSC9863A1 Processor', '1 Year on Handset and 6 Months on Accessories']"
49,https://filpkart.com/infinix-smart-7-hd-ink-black-64-gb/p/itmae6d492c1083e?pid=MOBGZNM9B5FENHTT&lid=LSTMOBGZNM9B5FENHTTDBMNAI&marketplace=FLIPKART&q=mobile&store=tyy%2F4io&srno=s_3_50&otracker=search&otracker1=search&fm=organic&iid=91f463b5-c38d-42e4-8e4f-2c6cc979a552.MOBGZNM9B5FENHTT.SEARCH&ppt=None&ppn=None&ssid=bzu0d5s59s0000001695621651166&qH=532c28d5412dd75b,"Infinix Smart 7 HD (Ink Black, 64 GB)","₹6,199",4.3,"₹7,999","['2 GB RAM | 64 GB ROM | Expandable Upto 1 TB', '16.76 cm (6.6 inch) HD+ Display', '8MP + AI Lens | 5MP Front Camera', '5000 mAh Battery', 'Spreadtrum \nSC9863A1 Processor', '1 Year on Handset and 6 Months on Accessories']"
50,https://filpkart.com/apple-iphone-14-midnight-128-gb/p/itm9e6293c322a84?pid=MOBGHWFHECFVMDCX&lid=LSTMOBGHWFHECFVMDCXSSCYWA&marketplace=FLIPKART&q=mobile&store=tyy%2F4io&srno=s_3_51&otracker=search&otracker1=search&fm=organic&iid=91f463b5-c38d-42e4-8e4f-2c6cc979a552.MOBGHWFHECFVMDCX.SEARCH&ppt=None&ppn=None&ssid=bzu0d5s59s0000001695621651166&qH=532c28d5412dd75b,"APPLE iPhone 14 (Midnight, 128 GB)","₹64,999",4.6,"₹69,900","['128 GB ROM', '15.49 cm (6.1 inch) Super Retina XDR Display', '12MP + 12MP | 12MP Front Camera', 'A15 Bionic Chip, 6 Core Processor Processor', '1 Year Warranty for Phone and 6 Months Warranty for In-Box Accessories']"
51,https://filpkart.com/poco-c55-cool-blue-128-gb/p/itm26aca9fd143ba?pid=MOBGMXSWJHRVUWFE&lid=LSTMOBGMXSWJHRVUWFESKZGEW&marketplace=FLIPKART&q=mobile&store=tyy%2F4io&srno=s_3_52&otracker=search&otracker1=search&fm=organic&iid=91f463b5-c38d-42e4-8e4f-2c6cc979a552.MOBGMXSWJHRVUWFE.SEARCH&ppt=None&ppn=None&ssid=bzu0d5s59s0000001695621651166&qH=532c28d5412dd75b,"POCO C55 (Cool Blue, 128 GB)","₹8,499",4.1,"₹13,999","['6 GB RAM | 128 GB ROM | Expandable Upto 1 TB', '17.04 cm (6.71 inch) HD+ Display', '50MP Dual Rear Camera | 5MP Front Camera', '5000 mAh Battery', 'Mediatek Helio G85 Processor', '1 Year Manufacturer Warranty for Phone and 6 Months Warranty for In the Box Accessories']"
52,https://filpkart.com/infinix-smart-7-hd-jade-white-64-gb/p/itmae6d492c1083e?pid=MOBGZNM998PNVGGF&lid=LSTMOBGZNM998PNVGGFEMF5MT&marketplace=FLIPKART&q=mobile&store=tyy%2F4io&srno=s_3_53&otracker=search&otracker1=search&fm=organic&iid=91f463b5-c38d-42e4-8e4f-2c6cc979a552.MOBGZNM998PNVGGF.SEARCH&ppt=None&ppn=None&ssid=bzu0d5s59s0000001695621651166&qH=532c28d5412dd75b,"Infinix Smart 7 HD (Jade White, 64 GB)","₹6,199",4.3,"₹7,999","['2 GB RAM | 64 GB ROM | Expandable Upto 1 TB', '16.76 cm (6.6 inch) HD+ Display', '8MP + AI Lens | 5MP Front Camera', '5000 mAh Battery', 'Spreadtrum SC9863A1 Processor', '1 Year on Handset and 6 Months on Accessories']"
53,https://filpkart.com/realme-c53-champion-gold-128-gb/p/itm5df90168ecd05?pid=MOBGTEVGHM9ZPZBB&lid=LSTMOBGTEVGHM9ZPZBBYVV7IY&marketplace=FLIPKART&q=mobile&store=tyy%2F4io&srno=s_3_54&otracker=search&otracker1=search&fm=organic&iid=91f463b5-c38d-42e4-8e4f-2c6cc979a552.MOBGTEVGHM9ZPZBB.SEARCH&ppt=None&ppn=None&ssid=bzu0d5s59s0000001695621651166&qH=532c28d5412dd75b,"realme C53 (Champion Gold, 128 GB)","₹11,999",4.4,"₹13,999","['6 GB RAM | 128 GB ROM | Expandable Upto 2 TB', '17.12 cm (6.74 inch) HD Display', '108MP + 2MP | 8MP Front Camera', '5000 mAh Battery', 'T612 Processor', '1 Year Manufacturer Warranty for Phone and 6 Months Warranty for In the Box Accessories']"
54,https://filpkart.com/realme-c53-champion-black-128-gb/p/itm5df90168ecd05?pid=MOBGTEVGGM7CTGXU&lid=LSTMOBGTEVGGM7CTGXUNSRWPW&marketplace=FLIPKART&q=mobile&store=tyy%2F4io&srno=s_3_55&otracker=search&otracker1=search&fm=organic&iid=91f463b5-c38d-42e4-8e4f-2c6cc979a552.MOBGTEVGGM7CTGXU.SEARCH&ppt=None&ppn=None&ssid=bzu0d5s59s0000001695621651166&qH=532c28d5412dd75b,"realme C53 (Champion Black, 128 GB)","₹11,999",4.4,"₹13,999","['6 GB RAM | 128 GB ROM | Expandable Upto 2 TB', '17.12 cm (6.74 inch) HD Display', '108MP + 2MP | 8MP Front Camera', '5000 mAh Battery', 'T612 Processor', '1 Year Manufacturer Warranty for Phone and 6 Months Warranty for In the Box Accessories']"
55,https://filpkart.com/infinix-note-30-5g-interstellar-blue-128-gb/p/itm12c179f0a6281?pid=MOBGQ9HPFCX4UQ3J&lid=LSTMOBGQ9HPFCX4UQ3JFFYXV0&marketplace=FLIPKART&q=mobile&store=tyy%2F4io&srno=s_3_56&otracker=search&otracker1=search&fm=organic&iid=91f463b5-c38d-42e4-8e4f-2c6cc979a552.MOBGQ9HPFCX4UQ3J.SEARCH&ppt=None&ppn=None&ssid=bzu0d5s59s0000001695621651166&qH=532c28d5412dd75b,"Infinix Note 30 5G (Interstellar Blue, 128 GB)","₹14,999",4.1,"₹17,999","['4 GB RAM | 128 GB ROM | Expandable Upto 2 TB', '17.22 cm (6.78 inch) Full HD+ Display', '108 MP + 2 MP+ AI Lens | 16MP Front Camera', '5000 mAh Li-ion Polymer Battery', 'Dimensity 6080 Processor', '1 Year on Handset and 6 Months on Accessories']"
56,https://filpkart.com/motorola-edge-40-nebula-green-256-gb/p/itmaa0bf9c327a2b?pid=MOBGKHNBTVZZU8PH&lid=LSTMOBGKHNBTVZZU8PHORDDSI&marketplace=FLIPKART&q=mobile&store=tyy%2F4io&srno=s_3_57&otracker=search&otracker1=search&fm=organic&iid=91f463b5-c38d-42e4-8e4f-2c6cc979a552.MOBGKHNBTVZZU8PH.SEARCH&ppt=None&ppn=None&ssid=bzu0d5s59s0000001695621651166&qH=532c28d5412dd75b,"MOTOROLA Edge 40 (Nebula Green, 256 GB)","₹29,999",4.2,"₹34,999","['8 GB RAM | 256 GB ROM', '16.51 cm (6.5 inch) Full HD+ Display', '50MP + 13MP | 32MP Front Camera', '4400 mAh Battery', 'Dimensity 8020 Processor', 'Vegan Leather', '1 Year Handset and 6 Months Accessories']"
57,https://filpkart.com/apple-iphone-11-white-64-gb/p/itmfc6a7091eb20b?pid=MOBFWQ6BVWVEH3XE&lid=LSTMOBFWQ6BVWVEH3XE9ADHVW&marketplace=FLIPKART&q=mobile&store=tyy%2F4io&srno=s_3_58&otracker=search&otracker1=search&fm=organic&iid=91f463b5-c38d-42e4-8e4f-2c6cc979a552.MOBFWQ6BVWVEH3XE.SEARCH&ppt=None&ppn=None&ssid=bzu0d5s59s0000001695621651166&qH=532c28d5412dd75b,"APPLE iPhone 11 (White, 64 GB)","₹37,999",4.6,"₹43,900","['64 GB ROM', '15.49 cm (6.1 inch) Liquid Retina HD Display', '12MP + 12MP | 12MP Front Camera', 'A13 Bionic Chip Processor', 'Brand Warranty of 1 Year']"
58,https://filpkart.com/redmi-12-pastel-blue-128-gb/p/itm48719506a7ceb?pid=MOBGRMFKKGYD9ETX&lid=LSTMOBGRMFKKGYD9ETX5KD9VL&marketplace=FLIPKART&q=mobile&store=tyy%2F4io&srno=s_3_59&otracker=search&otracker1=search&fm=organic&iid=91f463b5-c38d-42e4-8e4f-2c6cc979a552.MOBGRMFKKGYD9ETX.SEARCH&ppt=None&ppn=None&ssid=bzu0d5s59s0000001695621651166&qH=532c28d5412dd75b,"REDMI 12 (Pastel Blue, 128 GB)","₹9,999",4.3,"₹14,999","['4 GB RAM | 128 GB ROM | Expandable Upto 1 TB', '17.25 cm (6.79 inch) Full HD+ Display', '50MP + 8MP + 2MP | 8MP Front Camera', '5000 mAh Battery', 'Helio G88 Processor', '1 Year Manufacturer Warranty for Phone and 6 Months Warranty for in the Box Accessories']"
59,https://filpkart.com/realme-c53-champion-gold-64-gb/p/itm5df90168ecd05?pid=MOBGQY939DG9GBQ8&lid=LSTMOBGQY939DG9GBQ8XN2GK7&marketplace=FLIPKART&q=mobile&store=tyy%2F4io&srno=s_3_60&otracker=search&otracker1=search&fm=organic&iid=91f463b5-c38d-42e4-8e4f-2c6cc979a552.MOBGQY939DG9GBQ8.SEARCH&ppt=None&ppn=None&ssid=bzu0d5s59s0000001695621651166&qH=532c28d5412dd75b,"realme C53 (Champion Gold, 64 GB)","₹10,999",4.4,"₹12,999","['6 GB RAM | 64 GB ROM | Expandable Upto 2 TB', '17.12 cm (6.74 inch) HD Display', '108MP + 2MP | 8MP Front Camera', '5000 mAh Battery', 'T612 Processor', '1 Year Manufacturer Warranty for Phone and 6 Months Warranty for In the Box Accessories']"
60,https://filpkart.com/motorola-e13-aurora-green-64-gb/p/itm97b95a526ee49?pid=MOBGKHNBXT4CCKGQ&lid=LSTMOBGKHNBXT4CCKGQY1KFMX&marketplace=FLIPKART&q=mobile&store=tyy%2F4io&srno=s_3_61&otracker=search&otracker1=search&fm=organic&iid=91f463b5-c38d-42e4-8e4f-2c6cc979a552.MOBGKHNBXT4CCKGQ.SEARCH&ppt=None&ppn=None&ssid=bzu0d5s59s0000001695621651166&qH=532c28d5412dd75b,"MOTOROLA e13 (Aurora Green, 64 GB)","₹6,999",4,"₹9,999","['2 GB RAM | 64 GB ROM | Expandable Upto 1 TB', '16.51 cm (6.5 inch) HD+ Display', '13MP Rear Camera | 5MP Front Camera', '5000 mAh Battery', 'Unisoc T606 Processor', '1 Year on Handset and 6 Months on Accessories']"
61,https://filpkart.com/redmi-12-5g-pastel-blue-128-gb/p/itm71f3d06ed5235?pid=MOBGS9T5T9GCCWJM&lid=LSTMOBGS9T5T9GCCWJMAK6KDY&marketplace=FLIPKART&q=mobile&store=tyy%2F4io&srno=s_3_62&otracker=search&otracker1=search&fm=organic&iid=91f463b5-c38d-42e4-8e4f-2c6cc979a552.MOBGS9T5T9GCCWJM.SEARCH&ppt=None&ppn=None&ssid=bzu0d5s59s0000001695621651166&qH=532c28d5412dd75b,"REDMI 12 5G (Pastel Blue, 128 GB)","₹12,973",4.2,"₹15,999","['4 GB RAM | 128 GB ROM', '17.25 cm (6.79 inch) Display', '50MP Rear Camera', '5000 mAh Battery', '1 Year Manufacturer Warranty']"
62,https://filpkart.com/oneplus-nord-ce-3-lite-5g-pastel-lime-128-gb/p/itm2cd5a4e659035?pid=MOBGZJ3WM5SGTGVZ&lid=LSTMOBGZJ3WM5SGTGVZLTIX0S&marketplace=FLIPKART&q=mobile&store=tyy%2F4io&srno=s_3_63&otracker=search&otracker1=search&fm=organic&iid=91f463b5-c38d-42e4-8e4f-2c6cc979a552.MOBGZJ3WM5SGTGVZ.SEARCH&ppt=None&ppn=None&ssid=bzu0d5s59s0000001695621651166&qH=532c28d5412dd75b,"OnePlus Nord CE 3 Lite 5G (Pastel Lime, 128 GB)","₹19,999",4.4,,"['8 GB RAM | 128 GB ROM', '17.07 cm (6.72 inch) Display', '108MP Rear Camera', '5000 mAh Battery', 'Domestic Warranty of 12 months on phone & 6 months on accessories']"
63,https://filpkart.com/poco-x5-5g-jaguar-black-128-gb/p/itmea3de872e8205?pid=MOBGNBFB6VKBCARX&lid=LSTMOBGNBFB6VKBCARXWGNBVK&marketplace=FLIPKART&q=mobile&store=tyy%2F4io&srno=s_3_64&otracker=search&otracker1=search&fm=organic&iid=91f463b5-c38d-42e4-8e4f-2c6cc979a552.MOBGNBFB6VKBCARX.SEARCH&ppt=None&ppn=None&ssid=bzu0d5s59s0000001695621651166&qH=532c28d5412dd75b,"POCO X5 5G (Jaguar Black, 128 GB)","₹14,999",4.1,"₹20,999","['6 GB RAM | 128 GB ROM | Expandable Upto 1 TB', '16.94 cm (6.67 inch) Full HD+ Display', '48MP + 8MP + 2MP | 13MP Front Camera', '5000 mAh Battery', 'Qualcomm Snapdragon 695 Processor', '1 Year Manufacturer Warranty for Phone and 6 Months Warranty for In the Box Accessories']"
64,https://filpkart.com/motorola-e13-aurora-green-128-gb/p/itm87151a7bb1a4f?pid=MOBGQFX6HYNXCYGX&lid=LSTMOBGQFX6HYNXCYGXHU6UY1&marketplace=FLIPKART&q=mobile&store=tyy%2F4io&srno=s_3_65&otracker=search&otracker1=search&fm=organic&iid=91f463b5-c38d-42e4-8e4f-2c6cc979a552.MOBGQFX6HYNXCYGX.SEARCH&ppt=None&ppn=None&ssid=bzu0d5s59s0000001695621651166&qH=532c28d5412dd75b,"MOTOROLA e13 (Aurora Green, 128 GB)","₹8,999",3.9,"₹10,999","['8 GB RAM | 128 GB ROM | Expandable Upto 1 TB', '16.51 cm (6.5 inch) HD+ Display', '13MP Rear Camera | 5MP Front Camera', '5000 mAh Battery', 'Unisoc T606 Processor', '1 Year on Handset and 6 Months on Accessories']"
65,https://filpkart.com/apple-iphone-14-purple-128-gb/p/itm0b581eba85e08?pid=MOBGHWFHQFSQYBFU&lid=LSTMOBGHWFHQFSQYBFUUF0OWI&marketplace=FLIPKART&q=mobile&store=tyy%2F4io&srno=s_3_66&otracker=search&otracker1=search&fm=organic&iid=91f463b5-c38d-42e4-8e4f-2c6cc979a552.MOBGHWFHQFSQYBFU.SEARCH&ppt=None&ppn=None&ssid=bzu0d5s59s0000001695621651166&qH=532c28d5412dd75b,"APPLE iPhone 14 (Purple, 128 GB)","₹64,999",4.6,"₹69,900","['128 GB ROM', '15.49 cm (6.1 inch) Super Retina XDR Display', '12MP + 12MP | 12MP Front Camera', 'A15 Bionic Chip, 6 Core Processor Processor', '1 Year Warranty for Phone and 6 Months Warranty for In-Box Accessories']"
66,https://filpkart.com/realme-c53-champion-black-64-gb/p/itm5df90168ecd05?pid=MOBGQY93HQSAGAXG&lid=LSTMOBGQY93HQSAGAXGQLZ2WK&marketplace=FLIPKART&q=mobile&store=tyy%2F4io&srno=s_3_67&otracker=search&otracker1=search&fm=organic&iid=91f463b5-c38d-42e4-8e4f-2c6cc979a552.MOBGQY93HQSAGAXG.SEARCH&ppt=None&ppn=None&ssid=bzu0d5s59s0000001695621651166&qH=532c28d5412dd75b,"realme C53 (Champion Black, 64 GB)","₹10,999",4.4,"₹12,999","['6 GB RAM | 64 GB ROM | Expandable Upto 2 TB', '17.12 cm (6.74 inch) HD Display', '108MP + 2MP | 8MP Front Camera', '5000 mAh Battery', 'T612 Processor', '1 Year Manufacturer Warranty for Phone and 6 Months Warranty for In the Box Accessories']"
67,https://filpkart.com/poco-x5-5g-wildcat-blue-128-gb/p/itm6a8049291a98f?pid=MOBGNBFBPH6Q5ZN4&lid=LSTMOBGNBFBPH6Q5ZN4WSEDVR&marketplace=FLIPKART&q=mobile&store=tyy%2F4io&srno=s_3_68&otracker=search&otracker1=search&fm=organic&iid=91f463b5-c38d-42e4-8e4f-2c6cc979a552.MOBGNBFBPH6Q5ZN4.SEARCH&ppt=None&ppn=None&ssid=bzu0d5s59s0000001695621651166&qH=532c28d5412dd75b,"POCO X5 5G (Wildcat Blue, 128 GB)","₹14,999",4.1,"₹20,999","['6 GB RAM | 128 GB ROM | Expandable Upto 1 TB', '16.94 cm (6.67 inch) Full HD+ Display', '48MP + 8MP + 2MP | 13MP Front Camera', '5000 mAh Battery', 'Qualcomm Snapdragon 695 Processor', '1 Year Manufacturer Warranty for Phone and 6 Months Warranty for In the Box Accessories']"
68,https://filpkart.com/poco-m5-icy-blue-64-gb/p/itmcc02f8aecb269?pid=MOBGHMZE5ERRQPJH&lid=LSTMOBGHMZE5ERRQPJHSKDVTX&marketplace=FLIPKART&q=mobile&store=tyy%2F4io&srno=s_3_69&otracker=search&otracker1=search&fm=organic&iid=91f463b5-c38d-42e4-8e4f-2c6cc979a552.MOBGHMZE5ERRQPJH.SEARCH&ppt=None&ppn=None&ssid=bzu0d5s59s0000001695621651166&qH=532c28d5412dd75b,"POCO M5 (Icy Blue, 64 GB)","₹8,499",4.1,"₹15,999","['4 GB RAM | 64 GB ROM | Expandable Upto 512 GB', '16.71 cm (6.58 inch) Full HD+ Display', '50MP + 2MP Depth Sensor + 2MP Macro Sensor | 8MP Front Camera', '5000 mAh Lithium-ion Polymer Battery', 'Mediatek Helio G99 Processor', '1 Year for Handset, 6 Months for Accessories']"
69,https://filpkart.com/oneplus-11r-5g-sonic-black-256-gb/p/itmd8344a066fd54?pid=MOBGN3AUFRGVERFB&lid=LSTMOBGN3AUFRGVERFBRILO6P&marketplace=FLIPKART&q=mobile&store=tyy%2F4io&srno=s_3_70&otracker=search&otracker1=search&fm=organic&iid=91f463b5-c38d-42e4-8e4f-2c6cc979a552.MOBGN3AUFRGVERFB.SEARCH&ppt=None&ppn=None&ssid=bzu0d5s59s0000001695621651166&qH=532c28d5412dd75b,"OnePlus 11R 5G (Sonic Black, 256 GB)","₹44,500",4.5,"₹44,999","['16 GB RAM | 256 GB ROM', '17.02 cm (6.7 inch) Display', '50MP Rear Camera', '5000 mAh Battery', 'Domestic warranty of 12 months on phone & 6 months on accessries']"
70,https://filpkart.com/redmi-12-moonstone-silver-128-gb/p/itm6722b15672602?pid=MOBGRMFK4CSR7GGH&lid=LSTMOBGRMFK4CSR7GGHHKEX2Z&marketplace=FLIPKART&q=mobile&store=tyy%2F4io&srno=s_3_71&otracker=search&otracker1=search&fm=organic&iid=91f463b5-c38d-42e4-8e4f-2c6cc979a552.MOBGRMFK4CSR7GGH.SEARCH&ppt=None&ppn=None&ssid=bzu0d5s59s0000001695621651166&qH=532c28d5412dd75b,"REDMI 12 (Moonstone Silver, 128 GB)","₹11,499",4.2,"₹15,999","['6 GB RAM | 128 GB ROM | Expandable Upto 1 TB', '17.25 cm (6.79 inch) Full HD+ Display', '50MP + 8MP + 2MP | 8MP Front Camera', '5000 mAh Battery', 'Helio G88 Processor', '1 Year Manufacturer Warranty for Phone and 6 Months Warranty for in the Box Accessories']"
71,https://filpkart.com/micromax-x512/p/itmfhwvhrwhxq5tu?pid=MOBG8C3FGAQYHKFK&lid=LSTMOBG8C3FGAQYHKFKLFWUST&marketplace=FLIPKART&q=mobile&store=tyy%2F4io&srno=s_3_72&otracker=search&otracker1=search&fm=organic&iid=91f463b5-c38d-42e4-8e4f-2c6cc979a552.MOBG8C3FGAQYHKFK.SEARCH&ppt=None&ppn=None&ssid=bzu0d5s59s0000001695621651166&qH=532c28d5412dd75b,Micromax X512,₹965,4,"₹1,799","['30 MB RAM | 24 MB ROM', '4.5 cm (1.77 inch) Display', '1750 mAh Battery', '1 Year Warranty']"
